{
    "docs_stats": {
        "unique_pages": 221,
        "total_chunks": 1615,
        "unique_queries": 645
    },
    "models": {
        "vidore/colpali-v1.3": {
            "metrics": {
                "1": {
                    "ndcg": 0.737984496124031,
                    "precision": 0.737984496124031,
                    "recall": 0.737984496124031
                },
                "3": {
                    "ndcg": 0.836966589972319,
                    "precision": 0.3012919896640845,
                    "recall": 0.9038759689922481
                },
                "5": {
                    "ndcg": 0.852176438629211,
                    "precision": 0.18821705426356772,
                    "recall": 0.9410852713178295
                },
                "10": {
                    "ndcg": 0.8616890038346889,
                    "precision": 0.09705426356589243,
                    "recall": 0.9705426356589147
                },
                "global": {
                    "mrr": 0.8275541176765603,
                    "rprec": 0.737984496124031
                }
            },
            "indexing_time": 26.41154980659485,
            "retrieval_time": 2.0023162364959717,
            "sorted_run_path": "data/retrieved_pages/annotated_pages/vidore_colpali-v1.3_sorted_run.json"
        },
        "vidore/colqwen2-v1.0": {
            "metrics": {
                "1": {
                    "ndcg": 0.827906976744186,
                    "precision": 0.827906976744186,
                    "recall": 0.827906976744186
                },
                "3": {
                    "ndcg": 0.9130282530897046,
                    "precision": 0.3235142118863073,
                    "recall": 0.9705426356589147
                },
                "5": {
                    "ndcg": 0.9205652336184005,
                    "precision": 0.19782945736434307,
                    "recall": 0.9891472868217054
                },
                "10": {
                    "ndcg": 0.9225438410090939,
                    "precision": 0.09953488372093121,
                    "recall": 0.9953488372093023
                },
                "global": {
                    "mrr": 0.8982588901193549,
                    "rprec": 0.827906976744186
                }
            },
            "indexing_time": 94.9906165599823,
            "retrieval_time": 1.6519584655761719,
            "sorted_run_path": "data/retrieved_pages/annotated_pages/vidore_colqwen2-v1.0_sorted_run.json"
        },
        "vidore/colqwen2.5-v0.2": {
            "metrics": {
                "1": {
                    "ndcg": 0.8465116279069768,
                    "precision": 0.8465116279069768,
                    "recall": 0.8465116279069768
                },
                "3": {
                    "ndcg": 0.9150405216223721,
                    "precision": 0.32041343669250877,
                    "recall": 0.9612403100775194
                },
                "5": {
                    "ndcg": 0.9213779585627441,
                    "precision": 0.19534883720930427,
                    "recall": 0.9767441860465116
                },
                "10": {
                    "ndcg": 0.9263541457205217,
                    "precision": 0.09922480620155139,
                    "recall": 0.9922480620155039
                },
                "global": {
                    "mrr": 0.9050128220186356,
                    "rprec": 0.8465116279069768
                }
            },
            "indexing_time": 106.80974292755127,
            "retrieval_time": 2.452428102493286,
            "sorted_run_path": "data/retrieved_pages/annotated_pages/vidore_colqwen2.5-v0.2_sorted_run.json"
        },
        "nomic-ai/colnomic-embed-multimodal-3b": {
            "metrics": {
                "1": {
                    "ndcg": 0.8852713178294573,
                    "precision": 0.8852713178294573,
                    "recall": 0.8852713178294573
                },
                "3": {
                    "ndcg": 0.9420987572369902,
                    "precision": 0.32661498708010583,
                    "recall": 0.9798449612403101
                },
                "5": {
                    "ndcg": 0.9479723099827001,
                    "precision": 0.19875968992248258,
                    "recall": 0.993798449612403
                },
                "10": {
                    "ndcg": 0.9490136620197446,
                    "precision": 0.09968992248062113,
                    "recall": 0.9968992248062015
                },
                "global": {
                    "mrr": 0.9329475821336288,
                    "rprec": 0.8852713178294573
                }
            },
            "indexing_time": 268.9010889530182,
            "retrieval_time": 2.5923807621002197,
            "sorted_run_path": "data/retrieved_pages/annotated_pages/nomic-ai_colnomic-embed-multimodal-3b_sorted_run.json"
        },
        "nomic-ai/colnomic-embed-multimodal-7b": {
            "metrics": {
                "1": {
                    "ndcg": 0.862015503875969,
                    "precision": 0.862015503875969,
                    "recall": 0.862015503875969
                },
                "3": {
                    "ndcg": 0.9307841631229267,
                    "precision": 0.3250645994832066,
                    "recall": 0.9751937984496124
                },
                "5": {
                    "ndcg": 0.9359220564749742,
                    "precision": 0.1975193798449632,
                    "recall": 0.9875968992248062
                },
                "10": {
                    "ndcg": 0.9391292216863292,
                    "precision": 0.09968992248062113,
                    "recall": 0.9968992248062015
                },
                "global": {
                    "mrr": 0.9197833432717155,
                    "rprec": 0.862015503875969
                }
            },
            "indexing_time": 124.26108074188232,
            "retrieval_time": 4.5496506690979,
            "sorted_run_path": "data/retrieved_pages/annotated_pages/nomic-ai_colnomic-embed-multimodal-7b_sorted_run.json"
        },
        "vidore/colSmol-500M": {
            "metrics": {
                "1": {
                    "ndcg": 0.7937984496124031,
                    "precision": 0.7937984496124031,
                    "recall": 0.7937984496124031
                },
                "3": {
                    "ndcg": 0.8898827601328945,
                    "precision": 0.3178294573643433,
                    "recall": 0.9534883720930233
                },
                "5": {
                    "ndcg": 0.8986192842499143,
                    "precision": 0.1950387596899244,
                    "recall": 0.9751937984496124
                },
                "10": {
                    "ndcg": 0.905517240533233,
                    "precision": 0.09953488372093121,
                    "recall": 0.9953488372093023
                },
                "global": {
                    "mrr": 0.8758270863503419,
                    "rprec": 0.7937984496124031
                }
            },
            "indexing_time": 74.96864151954651,
            "retrieval_time": 1.5461616516113281,
            "sorted_run_path": "data/retrieved_pages/annotated_pages/vidore_colSmol-500M_sorted_run.json"
        },
        "vidore/colSmol-256M": {
            "metrics": {
                "1": {
                    "ndcg": 0.7767441860465116,
                    "precision": 0.7767441860465116,
                    "recall": 0.7767441860465116
                },
                "3": {
                    "ndcg": 0.8799155617497278,
                    "precision": 0.31524547803617786,
                    "recall": 0.9457364341085271
                },
                "5": {
                    "ndcg": 0.8914588358418974,
                    "precision": 0.19472868217054456,