{
    "docs_stats": {
        "unique_pages": 221,
        "total_chunks": 1615,
        "unique_queries": 645
    },
    "models": {
        "BM25Retriever": {
            "metrics": {
                "1": {
                    "ndcg": 0.4682170542635659,
                    "precision": 0.4682170542635659,
                    "recall": 0.4682170542635659
                },
                "3": {
                    "ndcg": 0.5526925813455179,
                    "precision": 0.20413436692506362,
                    "recall": 0.6124031007751938
                },
                "5": {
                    "ndcg": 0.5877183440169375,
                    "precision": 0.13953488372093137,
                    "recall": 0.6976744186046512
                },
                "10": {
                    "ndcg": 0.6217913450450646,
                    "precision": 0.08031007751938057,
                    "recall": 0.8031007751937984
                },
                "global": {
                    "mrr": 0.573152694658873,
                    "rprec": 0.4682170542635659
                }
            },
            "indexing_time": 0.40831613540649414,
            "retrieval_time": 2.1943981647491455,
            "sorted_run_path": "data/retrieved_pages/annotated_pages/BM25Retriever_sorted_run.json"
        },
        "BAAI/bge-m3": {
            "metrics": {
                "1": {
                    "ndcg": 0.6031007751937985,
                    "precision": 0.6031007751937985,
                    "recall": 0.6031007751937985
                },
                "3": {
                    "ndcg": 0.7075459992967932,
                    "precision": 0.2594315245478042,
                    "recall": 0.7782945736434108
                },
                "5": {
                    "ndcg": 0.730892600276543,
                    "precision": 0.16713178294573797,
                    "recall": 0.8356589147286821
                },
                "10": {
                    "ndcg": 0.7512793768244371,
                    "precision": 0.0899224806201559,
                    "recall": 0.8992248062015504
                },
                "global": {
                    "mrr": 0.7074828936340408,
                    "rprec": 0.6031007751937985
                }
            },
            "indexing_time": 15.070143699645996,
            "retrieval_time": 5.538655996322632,
            "sorted_run_path": "data/retrieved_pages/annotated_pages/BAAI_bge-m3_sorted_run.json"
        },
        "intfloat/multilingual-e5-large": {
            "metrics": {
                "1": {
                    "ndcg": 0.6155038759689923,
                    "precision": 0.6155038759689923,
                    "recall": 0.6155038759689923
                },
                "3": {
                    "ndcg": 0.7166085593466265,
                    "precision": 0.26201550387596967,
                    "recall": 0.786046511627907
                },
                "5": {
                    "ndcg": 0.7442332290888507,
                    "precision": 0.1705426356589163,
                    "recall": 0.8527131782945736
                },
                "10": {
                    "ndcg": 0.7612876781603786,
                    "precision": 0.09038759689922567,
                    "recall": 0.9038759689922481
                },
                "global": {
                    "mrr": 0.7198386394306661,
                    "rprec": 0.6155038759689923
                }
            },
            "indexing_time": 14.649157047271729,
            "retrieval_time": 5.602685451507568,
            "sorted_run_path": "data/retrieved_pages/annotated_pages/intfloat_multilingual-e5-large_sorted_run.json"
        },
        "intfloat/multilingual-e5-large-instruct": {
            "metrics": {
                "1": {
                    "ndcg": 0.6,
                    "precision": 0.6,
                    "recall": 0.6
                },
                "3": {
                    "ndcg": 0.7012341279125175,
                    "precision": 0.2578811369509049,
                    "recall": 0.7736434108527132
                },
                "5": {
                    "ndcg": 0.7212538733262956,
                    "precision": 0.16434108527131933,
                    "recall": 0.8217054263565892
                },
                "10": {
                    "ndcg": 0.7427973005681204,
                    "precision": 0.0886821705426365,
                    "recall": 0.8868217054263566
                },
                "global": {
                    "mrr": 0.7016345326527587,
                    "rprec": 0.6
                }
            },
            "indexing_time": 15.146689891815186,
            "retrieval_time": 5.564381122589111,
            "sorted_run_path": "data/retrieved_pages/annotated_pages/intfloat_multilingual-e5-large-instruct_sorted_run.json"
        },
        "colbert-ir/colbertv2.0": {
            "metrics": {
                "1": {
                    "ndcg": 0.6558139534883721,
                    "precision": 0.6558139534883721,
                    "recall": 0.6558139534883721
                },
                "3": {
                    "ndcg": 0.751215741079738,
                    "precision": 0.27286821705426456,
                    "recall": 0.8186046511627907
                },
                "5": {
                    "ndcg": 0.7764413236453139,
                    "precision": 0.17581395348837375,
                    "recall": 0.8790697674418605
                },
                "10": {
                    "ndcg": 0.79344159298202,
                    "precision": 0.09317829457364432,
                    "recall": 0.931782945736434
                },
                "global": {
                    "mrr": 0.7519613465053685,
                    "rprec": 0.6558139534883721
                }
            },
            "indexing_time": 9.364537954330444,
            "retrieval_time": 35.74954080581665,
            "sorted_run_path": "data/retrieved_pages/annotated_pages/colbert-ir_colbertv2.0_sorted_run.json"
        },
        "naver/splade-v3": {
            "metrics": {
                "1": {
                    "ndcg": 0.6294573643410852,
                    "precision": 0.6294573643410852,
                    "recall": 0.6294573643410852
                },
                "3": {
                    "ndcg": 0.7416177527630168,
                    "precision": 0.2739018087855307,
                    "recall": 0.8217054263565892
                },
                "5": {
                    "ndcg": 0.7622372699709569,
                    "precision": 0.17426356589147451,
                    "recall": 0.8713178294573644
                },
                "10": {
                    "ndcg": 0.7821475477375952,
                    "precision": 0.09317829457364432,
                    "recall": 0.931782945736434
                },
                "global": {
                    "mrr": 0.7365417355385905,
                    "rprec": 0.6294573643410852
                }
            },
            "indexing_time": 9.51119875907898,
            "retrieval_time": 0.32157444953918457,
            "sorted_run_path": "data/retrieved_pages/annotated_pages/naver_splade-v3_sorted_run.json"
        }
    }
}