{
    "docs_stats": {
        "unique_pages": 221,
        "total_chunks": 1615,
        "unique_queries": 645
    },
    "models": {
        "openai/clip-vit-base-patch32": {
            "metrics": {
                "1": {
                    "ndcg": 0.11007751937984496,
                    "precision": 0.11007751937984496,
                    "recall": 0.11007751937984496
                },
                "3": {
                    "ndcg": 0.1563111346788497,
                    "precision": 0.06304909560723516,
                    "recall": 0.18914728682170542
                },
                "5": {
                    "ndcg": 0.17539138929971454,
                    "precision": 0.04713178294573632,
                    "recall": 0.23565891472868217
                },
                "10": {
                    "ndcg": 0.1987109412809884,
                    "precision": 0.030852713178294595,
                    "recall": 0.3085271317829457
                },
                "global": {
                    "mrr": 0.182550868505662,
                    "rprec": 0.11007751937984496
                }
            },
            "indexing_time": 6.528290748596191,
            "retrieval_time": 0.7297251224517822,
            "sorted_run_path": "data/retrieved_pages/annotated_pages/openai_clip-vit-base-patch32_sorted_run.json"
        },
        "google/siglip-base-patch16-224": {
            "metrics": {
                "1": {
                    "ndcg": 0.1813953488372093,
                    "precision": 0.1813953488372093,
                    "recall": 0.1813953488372093
                },
                "3": {
                    "ndcg": 0.26326875532669075,
                    "precision": 0.1080103359173128,
                    "recall": 0.324031007751938
                },
                "5": {
                    "ndcg": 0.2937001750440637,
                    "precision": 0.0793798449612406,
                    "recall": 0.39689922480620154
                },
                "10": {
                    "ndcg": 0.3277032507955668,
                    "precision": 0.050387596899225104,
                    "recall": 0.5038759689922481
                },
                "global": {
                    "mrr": 0.2891099074228805,
                    "rprec": 0.1813953488372093
                }
            },
            "indexing_time": 6.260217666625977,
            "retrieval_time": 0.4573628902435303,
            "sorted_run_path": "data/retrieved_pages/annotated_pages/google_siglip-base-patch16-224_sorted_run.json"
        },
        "nomic-ai/nomic-embed-multimodal-3b": {
            "metrics": {
                "1": {
                    "ndcg": 0.8155038759689922,
                    "precision": 0.8155038759689922,
                    "recall": 0.8155038759689922
                },
                "3": {
                    "ndcg": 0.8900681018715424,
                    "precision": 0.3136950904392786,
                    "recall": 0.9410852713178295
                },
                "5": {
                    "ndcg": 0.903478635145948,
                    "precision": 0.19472868217054456,
                    "recall": 0.9736434108527132
                },
                "10": {
                    "ndcg": 0.9081398515765852,
                    "precision": 0.0987596899224816,
                    "recall": 0.9875968992248062
                },
                "global": {
                    "mrr": 0.8825894481998465,
                    "rprec": 0.8155038759689922
                }
            },
            "indexing_time": 105.6961600780487,
            "retrieval_time": 2.1078665256500244,
            "sorted_run_path": "data/retrieved_pages/annotated_pages/nomic-ai_nomic-embed-multimodal-3b_sorted_run.json"
        },
        "nomic-ai/nomic-embed-multimodal-7b": {
            "metrics": {
                "1": {
                    "ndcg": 0.8325581395348837,
                    "precision": 0.8325581395348837,
                    "recall": 0.8325581395348837
                },
                "3": {
                    "ndcg": 0.9001088475858279,
                    "precision": 0.31524547803617786,
                    "recall": 0.9457364341085271
                },
                "5": {
                    "ndcg": 0.9117880092774977,
                    "precision": 0.19472868217054456,
                    "recall": 0.9736434108527132
                },
                "10": {
                    "ndcg": 0.9156743996652821,
                    "precision": 0.09860465116279168,
                    "recall": 0.986046511627907
                },
                "global": {
                    "mrr": 0.8933438650066554,
                    "rprec": 0.8325581395348837
                }
            },
            "indexing_time": 122.0472764968872,
            "retrieval_time": 3.861506223678589,
            "sorted_run_path": "data/retrieved_pages/annotated_pages/nomic-ai_nomic-embed-multimodal-7b_sorted_run.json"
        },
        "Alibaba-NLP/gme-Qwen2-VL-7B-Instruct": {
            "metrics": {
                "1": {
                    "ndcg": 0.813953488372093,
                    "precision": 0.813953488372093,
                    "recall": 0.813953488372093
                },
                "3": {
                    "ndcg": 0.8927996669988957,
                    "precision": 0.315762273901811,
                    "recall": 0.9472868217054263
                },
                "5": {
                    "ndcg": 0.904342941091065,
                    "precision": 0.1950387596899244,
                    "recall": 0.9751937984496124
                },
                "10": {
                    "ndcg": 0.9095287136931134,
                    "precision": 0.09906976744186145,
                    "recall": 0.9906976744186047
                },
                "global": {
                    "mrr": 0.8832734462599822,
                    "rprec": 0.813953488372093
                }
            },
            "indexing_time": 167.44129943847656,
            "retrieval_time": 5.0208117961883545,
            "sorted_run_path": "data/retrieved_pages/annotated_pages/Alibaba-NLP_gme-Qwen2-VL-7B-Instruct_sorted_run.json"
        }
    }
}