{
    "docs_stats": {
        "unique_pages": 104,
        "total_chunks": 804,
        "unique_queries": 308
    },
    "models": {
        "openai/clip-vit-base-patch32": {
            "metrics": {
                "1": {
                    "ndcg": 0.1461038961038961,
                    "precision": 0.1461038961038961,
                    "recall": 0.1461038961038961
                },
                "3": {
                    "ndcg": 0.21347248319805393,
                    "precision": 0.08766233766233757,
                    "recall": 0.262987012987013
                },
                "5": {
                    "ndcg": 0.24015792931467134,
                    "precision": 0.06558441558441545,
                    "recall": 0.32792207792207795
                },
                "10": {
                    "ndcg": 0.27778982186065193,
                    "precision": 0.04448051948051938,
                    "recall": 0.4448051948051948
                },
                "global": {
                    "mrr": 0.24602557184549625,
                    "rprec": 0.1461038961038961
                }
            },
            "indexing_time": 3.7435643672943115,
            "retrieval_time": 0.13701796531677246,
            "sorted_run_path": "data/retrieved_pages/annotated_pages/openai_clip-vit-base-patch32_sorted_run.json"
        },
        "google/siglip-base-patch16-224": {
            "metrics": {
                "1": {
                    "ndcg": 0.2824675324675325,
                    "precision": 0.2824675324675325,
                    "recall": 0.2824675324675325
                },
                "3": {
                    "ndcg": 0.37074594842300834,
                    "precision": 0.14393939393939406,
                    "recall": 0.4318181818181818
                },
                "5": {
                    "ndcg": 0.41153213603721567,
                    "precision": 0.10649350649350625,
                    "recall": 0.5324675324675324
                },
                "10": {
                    "ndcg": 0.45131883903127196,
                    "precision": 0.06558441558441563,
                    "recall": 0.6558441558441559
                },
                "global": {
                    "mrr": 0.40303869636571704,
                    "rprec": 0.2824675324675325
                }
            },
            "indexing_time": 3.641963481903076,
            "retrieval_time": 0.22884535789489746,
            "sorted_run_path": "data/retrieved_pages/annotated_pages/google_siglip-base-patch16-224_sorted_run.json"
        },
        "nomic-ai/nomic-embed-multimodal-3b": {
            "metrics": {
                "1": {
                    "ndcg": 0.8896103896103896,
                    "precision": 0.8896103896103896,
                    "recall": 0.8896103896103896
                },
                "3": {
                    "ndcg": 0.9451902437384062,
                    "precision": 0.3279220779220768,
                    "recall": 0.9837662337662337
                },
                "5": {
                    "ndcg": 0.947844559859536,
                    "precision": 0.19805194805194912,
                    "recall": 0.9902597402597403
                },
                "10": {
                    "ndcg": 0.9509638354771061,
                    "precision": 0.10000000000000055,
                    "recall": 1.0
                },
                "global": {
                    "mrr": 0.9345508658008655,
                    "rprec": 0.8896103896103896
                }
            },
            "indexing_time": 72.29740118980408,
            "retrieval_time": 1.1547307968139648,
            "sorted_run_path": "data/retrieved_pages/annotated_pages/nomic-ai_nomic-embed-multimodal-3b_sorted_run.json"
        },
        "nomic-ai/nomic-embed-multimodal-7b": {
            "metrics": {
                "1": {
                    "ndcg": 0.8896103896103896,
                    "precision": 0.8896103896103896,
                    "recall": 0.8896103896103896
                },
                "3": {
                    "ndcg": 0.9489391033743069,
                    "precision": 0.32900432900432786,
                    "recall": 0.987012987012987
                },
                "5": {
                    "ndcg": 0.9503374038875322,
                    "precision": 0.19805194805194912,
                    "recall": 0.9902597402597403
                },
                "10": {
                    "ndcg": 0.9534792761678264,
                    "precision": 0.10000000000000055,
                    "recall": 1.0
                },
                "global": {
                    "mrr": 0.9377061430632859,
                    "rprec": 0.8896103896103896
                }
            },
            "indexing_time": 78.73806238174438,
            "retrieval_time": 2.241702079772949,
            "sorted_run_path": "data/retrieved_pages/annotated_pages/nomic-ai_nomic-embed-multimodal-7b_sorted_run.json"
        },
        "Alibaba-NLP/gme-Qwen2-VL-7B-Instruct": {
            "metrics": {
                "1": {
                    "ndcg": 0.8896103896103896,
                    "precision": 0.8896103896103896,
                    "recall": 0.8896103896103896
                },
                "3": {
                    "ndcg": 0.9521858566210599,
                    "precision": 0.33116883116882995,
                    "recall": 0.9935064935064936
                },
                "5": {
                    "ndcg": 0.9535841571342852,
                    "precision": 0.19935064935065044,
                    "recall": 0.9967532467532467
                },
                "10": {
                    "ndcg": 0.9545615272500774,
                    "precision": 0.10000000000000055,
                    "recall": 1.0
                },
                "global": {
                    "mrr": 0.9389430014430015,
                    "rprec": 0.8896103896103896
                }
            },
            "indexing_time": 120.35415530204773,
            "retrieval_time": 2.4827139377593994,
            "sorted_run_path": "data/retrieved_pages/annotated_pages/Alibaba-NLP_gme-Qwen2-VL-7B-Instruct_sorted_run.json"
        }
    }
}