{
    "docs_stats": {
        "unique_pages": 1000,
        "total_chunks": 7446,
        "unique_queries": 2986
    },
    "models": {
        "vidore/colpali-v1.3": {
            "metrics": {
                "1": {
                    "ndcg": 0.5817146684527796,
                    "precision": 0.5817146684527796,
                    "recall": 0.5808774279973208
                },
                "3": {
                    "ndcg": 0.6998711792471637,
                    "precision": 0.26144228622460997,
                    "recall": 0.7826523777628935
                },
                "5": {
                    "ndcg": 0.7239577378477563,
                    "precision": 0.16858673811117883,
                    "recall": 0.8407568653717348
                },
                "10": {
                    "ndcg": 0.7456312731719975,
                    "precision": 0.09099129269926098,
                    "recall": 0.9075686537173476
                },
                "global": {
                    "mrr": 0.6976100821169423,
                    "rprec": 0.5815472203616878
                }
            },
            "indexing_time": 98.66245198249817,
            "retrieval_time": 10.791563510894775,
            "sorted_run_path": "data/retrieved_pages/all_pages/vidore_colpali-v1.3_sorted_run.json"
        },
        "vidore/colqwen2-v1.0": {
            "metrics": {
                "1": {
                    "ndcg": 0.6614199598124582,
                    "precision": 0.6614199598124582,
                    "recall": 0.6605827193569993
                },
                "3": {
                    "ndcg": 0.7770856791299618,
                    "precision": 0.28644786782764925,
                    "recall": 0.8573342263898192
                },
                "5": {
                    "ndcg": 0.8016489978812935,
                    "precision": 0.18372404554587668,
                    "recall": 0.916443402545211
                },
                "10": {
                    "ndcg": 0.8179704049153421,
                    "precision": 0.09685197588747396,
                    "recall": 0.9661754855994642
                },
                "global": {
                    "mrr": 0.7716916082828656,
                    "rprec": 0.6614199598124582
                }
            },
            "indexing_time": 648.3464050292969,
            "retrieval_time": 8.31083345413208,
            "sorted_run_path": "data/retrieved_pages/all_pages/vidore_colqwen2-v1.0_sorted_run.json"
        },
        "vidore/colqwen2.5-v0.2": {
            "metrics": {
                "1": {
                    "ndcg": 0.6848626925653047,
                    "precision": 0.6848626925653047,
                    "recall": 0.6841929002009377
                },
                "3": {
                    "ndcg": 0.7989446817003351,
                    "precision": 0.29348068765350405,
                    "recall": 0.8782652377762894
                },
                "5": {
                    "ndcg": 0.8219038636608096,
                    "precision": 0.1872069658405861,
                    "recall": 0.9338580040187542
                },
                "10": {
                    "ndcg": 0.8340297230160448,
                    "precision": 0.097320830542531,
                    "recall": 0.9708640321500335
                },
                "global": {
                    "mrr": 0.7909131170911149,
                    "rprec": 0.6851975887474883
                }
            },
            "indexing_time": 451.6168785095215,
            "retrieval_time": 12.520850419998169,
            "sorted_run_path": "data/retrieved_pages/all_pages/vidore_colqwen2.5-v0.2_sorted_run.json"
        },
        "nomic-ai/colnomic-embed-multimodal-3b": {
            "metrics": {
                "1": {
                    "ndcg": 0.7227059611520429,
                    "precision": 0.7227059611520429,
                    "recall": 0.721868720696584
                },
                "3": {
                    "ndcg": 0.8346927108936216,
                    "precision": 0.30397410136192227,
                    "recall": 0.9099129269926323
                },
                "5": {
                    "ndcg": 0.8555940577745995,
                    "precision": 0.19249832551908697,
                    "recall": 0.9603148024112526
                },
                "10": {
                    "ndcg": 0.8645282884011505,
                    "precision": 0.098995311453449,
                    "recall": 0.9876088412592097
                },
                "global": {
                    "mrr": 0.8246313361732652,
                    "rprec": 0.7225385130609511
                }
            },
            "indexing_time": 1037.3121263980865,
            "retrieval_time": 13.59626293182373,
            "sorted_run_path": "data/retrieved_pages/all_pages/nomic-ai_colnomic-embed-multimodal-3b_sorted_run.json"
        },
        "nomic-ai/colnomic-embed-multimodal-7b": {
            "metrics": {
                "1": {
                    "ndcg": 0.7200267916945747,
                    "precision": 0.7200267916945747,
                    "recall": 0.7191895512391159
                },
                "3": {
                    "ndcg": 0.8340398722275421,
                    "precision": 0.3046438937262894,
                    "recall": 0.9117548559946417
                },
                "5": {
                    "ndcg": 0.8518679422868203,
                    "precision": 0.19142665773609946,
                    "recall": 0.9549564634963161
                },
                "10": {
                    "ndcg": 0.8600857527785717,
                    "precision": 0.09822505023442672,
                    "recall": 0.9799062290689886
                },
                "global": {
                    "mrr": 0.821575196982517,
                    "rprec": 0.7201942397856664
                }
            },
            "indexing_time": 503.7455816268921,
            "retrieval_time": 22.055589199066162,
            "sorted_run_path": "data/retrieved_pages/all_pages/nomic-ai_colnomic-embed-multimodal-7b_sorted_run.json"
        },
        "vidore/colSmol-500M": {
            "metrics": {
                "1": {
                    "ndcg": 0.6262558606831882,
                    "precision": 0.6262558606831882,
                    "recall": 0.6252511721366376
                },
                "3": {
                    "ndcg": 0.7512546705804809,
                    "precision": 0.2803081044876173,
                    "recall": 0.8389149363697254
                },
                "5": {
                    "ndcg": 0.7775609168259201,
                    "precision": 0.18091091761553443,
                    "recall": 0.902377762893503
                },
                "10": {
                    "ndcg": 0.7926969827521118,
                    "precision": 0.09507702612190089,
                    "recall": 0.9484259879437374
                },
                "global": {
                    "mrr": 0.7448084300169348,
                    "rprec": 0.6259209645010047
                }
            },
            "indexing_time": 214.11855602264404,
            "retrieval_time": 8.745782375335693,
            "sorted_run_path": "data/retrieved_pages/all_pages/vidore_colSmol-500M_sorted_run.json"
        },
        "vidore/colSmol-256M": {
            "metrics": {
                "1": {
                    "ndcg": 0.6044876088412592,
                    "precision": 0.6044876088412592,
                    "recall": 0.6036503683858004
                },
                "3": {
                    "ndcg": 0.7322451769160617,
                    "precision": 0.27439160526904105,
                    "recall": 0.8211654387139986
                },
                "5": {
                    "ndcg": 0.7580363465244546,
                    "precision": 0.17716008037507813,