{
    "docs_stats": {
        "unique_pages": 1000,
        "total_chunks": 7446,
        "unique_queries": 2986
    },
    "models": {
        "vidore/colpali-v1.3": {
            "metrics": {
                "1": {
                    "ndcg": 0.5817146684527796,
                    "precision": 0.5817146684527796,
                    "recall": 0.5808774279973208
                },
                "3": {
                    "ndcg": 0.6998711792471637,
                    "precision": 0.26144228622460997,
                    "recall": 0.7826523777628935
                },
                "5": {
                    "ndcg": 0.7239577378477563,
                    "precision": 0.16858673811117883,
                    "recall": 0.8407568653717348
                },
                "10": {
                    "ndcg": 0.7456312731719975,
                    "precision": 0.09099129269926098,
                    "recall": 0.9075686537173476
                },
                "global": {
                    "mrr": 0.6976100821169423,
                    "rprec": 0.5815472203616878
                }
            },
            "indexing_time": 99.07672595977783,
            "retrieval_time": 10.980432748794556
        },
        "vidore/colqwen2-v1.0": {
            "metrics": {
                "1": {
                    "ndcg": 0.6614199598124582,
                    "precision": 0.6614199598124582,
                    "recall": 0.6605827193569993
                },
                "3": {
                    "ndcg": 0.7770856791299618,
                    "precision": 0.28644786782764925,
                    "recall": 0.8573342263898192
                },
                "5": {
                    "ndcg": 0.8016489978812935,
                    "precision": 0.18372404554587668,
                    "recall": 0.916443402545211
                },
                "10": {
                    "ndcg": 0.8179704049153421,
                    "precision": 0.09685197588747396,
                    "recall": 0.9661754855994642
                },
                "global": {
                    "mrr": 0.7716916082828656,
                    "rprec": 0.6614199598124582
                }
            },
            "indexing_time": 654.9972705841064,
            "retrieval_time": 8.383406400680542
        },
        "vidore/colqwen2.5-v0.2": {
            "metrics": {
                "1": {
                    "ndcg": 0.679839249832552,
                    "precision": 0.679839249832552,
                    "recall": 0.6790020093770931
                },
                "3": {
                    "ndcg": 0.7969102438797767,
                    "precision": 0.2932574235320483,
                    "recall": 0.8775954454119224
                },
                "5": {
                    "ndcg": 0.8191361218915267,
                    "precision": 0.18667113194909235,
                    "recall": 0.931178834561286
                },
                "10": {
                    "ndcg": 0.8327247505466443,
                    "precision": 0.0974882786336228,
                    "recall": 0.9725385130609511
                },
                "global": {
                    "mrr": 0.788585819917859,
                    "rprec": 0.6800066979236437
                }
            },
            "indexing_time": 720.4573335647583,
            "retrieval_time": 12.713537693023682
        },
        "nomic-ai/colnomic-embed-multimodal-3b": {
            "metrics": {
                "1": {
                    "ndcg": 0.7227059611520429,
                    "precision": 0.7227059611520429,
                    "recall": 0.721868720696584
                },
                "3": {
                    "ndcg": 0.8346927108936216,
                    "precision": 0.30397410136192227,
                    "recall": 0.9099129269926323
                },
                "5": {
                    "ndcg": 0.8555940577745995,
                    "precision": 0.19249832551908697,
                    "recall": 0.9603148024112526
                },
                "10": {
                    "ndcg": 0.8645282884011505,
                    "precision": 0.098995311453449,
                    "recall": 0.9876088412592097
                },
                "global": {
                    "mrr": 0.8246313361732652,
                    "rprec": 0.7225385130609511
                }
            },
            "indexing_time": 1049.0317652225494,
            "retrieval_time": 13.749301671981812
        },
        "nomic-ai/colnomic-embed-multimodal-7b": {
            "metrics": {
                "1": {
                    "ndcg": 0.7200267916945747,
                    "precision": 0.7200267916945747,
                    "recall": 0.7191895512391159
                },
                "3": {
                    "ndcg": 0.8340398722275421,
                    "precision": 0.3046438937262894,
                    "recall": 0.9117548559946417
                },
                "5": {
                    "ndcg": 0.8518679422868203,
                    "precision": 0.19142665773609946,
                    "recall": 0.9549564634963161
                },
                "10": {
                    "ndcg": 0.8600857527785717,
                    "precision": 0.09822505023442672,
                    "recall": 0.9799062290689886
                },
                "global": {
                    "mrr": 0.821575196982517,
                    "rprec": 0.7201942397856664
                }
            },
            "indexing_time": 507.11694955825806,
            "retrieval_time": 22.43758249282837
        },
        "vidore/colSmol-500M": {
            "metrics": {
                "1": {
                    "ndcg": 0.6262558606831882,
                    "precision": 0.6262558606831882,
                    "recall": 0.6252511721366376
                },
                "3": {
                    "ndcg": 0.7512546705804809,
                    "precision": 0.2803081044876173,
                    "recall": 0.8389149363697254
                },
                "5": {
                    "ndcg": 0.7775609168259201,
                    "precision": 0.18091091761553443,
                    "recall": 0.902377762893503
                },
                "10": {
                    "ndcg": 0.7926969827521118,
                    "precision": 0.09507702612190089,
                    "recall": 0.9484259879437374
                },
                "global": {
                    "mrr": 0.7448084300169348,
                    "rprec": 0.6259209645010047
                }
            },
            "indexing_time": 215.57434344291687,
            "retrieval_time": 8.966811656951904
        },
        "vidore/colSmol-256M": {
            "metrics": {
                "1": {
                    "ndcg": 0.6044876088412592,
                    "precision": 0.6044876088412592,
                    "recall": 0.6036503683858004
                },
                "3": {
                    "ndcg": 0.7322451769160617,
                    "precision": 0.27439160526904105,
                    "recall": 0.8211654387139986
                },
                "5": {
                    "ndcg": 0.7580363465244546,
                    "precision": 0.17716008037507813,
                    "recall": 0.8836235766912257
                },
                "10": {
                    "ndcg": 0.7798073000185861,
                    "precision": 0.09524447421299269,
                    "recall": 0.950100468854655
                },
                "global": {
                    "mrr": 0.7274405398188731,
                    "rprec": 0.6044876088412592
                }
            },
            "indexing_time": 207.263436794281,
            "retrieval_time": 8.629076719284058
        }
    }
}