{
    "docs_stats": {
        "unique_pages": 104,
        "total_chunks": 804,
        "unique_queries": 308
    },
    "models": {
        "vidore/colpali-v1.3": {
            "metrics": {
                "1": {
                    "ndcg": 0.8441558441558441,
                    "precision": 0.8441558441558441,
                    "recall": 0.8441558441558441
                },
                "3": {
                    "ndcg": 0.9099780644132672,
                    "precision": 0.3181818181818172,
                    "recall": 0.9545454545454546
                },
                "5": {
                    "ndcg": 0.9138883961423013,
                    "precision": 0.19285714285714384,
                    "recall": 0.9642857142857143
                },
                "10": {
                    "ndcg": 0.9191253074272251,
                    "precision": 0.09805194805194857,
                    "recall": 0.9805194805194806
                },
                "global": {
                    "mrr": 0.9000263242349282,
                    "rprec": 0.8441558441558441
                }
            },
            "indexing_time": 17.166284561157227,
            "retrieval_time": 1.2785484790802002
        },
        "vidore/colqwen2-v1.0": {
            "metrics": {
                "1": {
                    "ndcg": 0.8961038961038961,
                    "precision": 0.8961038961038961,
                    "recall": 0.8961038961038961
                },
                "3": {
                    "ndcg": 0.9504854702110409,
                    "precision": 0.32900432900432786,
                    "recall": 0.987012987012987
                },
                "5": {
                    "ndcg": 0.954538086845396,
                    "precision": 0.19935064935065044,
                    "recall": 0.9967532467532467
                },
                "10": {
                    "ndcg": 0.955620337927647,
                    "precision": 0.10000000000000055,
                    "recall": 1.0
                },
                "global": {
                    "mrr": 0.9405071119356834,
                    "rprec": 0.8961038961038961
                }
            },
            "indexing_time": 67.2182035446167,
            "retrieval_time": 0.8319747447967529
        },
        "vidore/colqwen2.5-v0.2": {
            "metrics": {
                "1": {
                    "ndcg": 0.9025974025974026,
                    "precision": 0.9025974025974026,
                    "recall": 0.9025974025974026
                },
                "3": {
                    "ndcg": 0.9550075132653085,
                    "precision": 0.32900432900432786,
                    "recall": 0.987012987012987
                },
                "5": {
                    "ndcg": 0.956405813778534,
                    "precision": 0.19805194805194912,
                    "recall": 0.9902597402597403
                },
                "10": {
                    "ndcg": 0.9585008527831634,
                    "precision": 0.09967532467532522,
                    "recall": 0.9967532467532467
                },
                "global": {
                    "mrr": 0.9455914183855358,
                    "rprec": 0.9025974025974026
                }
            },
            "indexing_time": 74.18789196014404,
            "retrieval_time": 1.3113389015197754
        },
        "nomic-ai/colnomic-embed-multimodal-3b": {
            "metrics": {
                "1": {
                    "ndcg": 0.922077922077922,
                    "precision": 0.922077922077922,
                    "recall": 0.922077922077922
                },
                "3": {
                    "ndcg": 0.9683426130681838,
                    "precision": 0.332251082251081,
                    "recall": 0.9967532467532467
                },
                "5": {
                    "ndcg": 0.9683426130681838,
                    "precision": 0.19935064935065044,
                    "recall": 0.9967532467532467
                },
                "10": {
                    "ndcg": 0.9694991299094438,
                    "precision": 0.10000000000000055,
                    "recall": 1.0
                },
                "global": {
                    "mrr": 0.9588744588744588,
                    "rprec": 0.922077922077922
                }
            },
            "indexing_time": 112.22380709648132,
            "retrieval_time": 1.4967186450958252
        },
        "nomic-ai/colnomic-embed-multimodal-7b": {
            "metrics": {
                "1": {
                    "ndcg": 0.9090909090909091,
                    "precision": 0.9090909090909091,
                    "recall": 0.9090909090909091
                },
                "3": {
                    "ndcg": 0.9581772567254192,
                    "precision": 0.33008658008657893,
                    "recall": 0.9902597402597403
                },
                "5": {
                    "ndcg": 0.9595755572386445,
                    "precision": 0.19870129870129977,
                    "recall": 0.9935064935064936
                },
                "10": {
                    "ndcg": 0.9606578083208956,
                    "precision": 0.09967532467532522,
                    "recall": 0.9967532467532467
                },
                "global": {
                    "mrr": 0.9483611626468769,
                    "rprec": 0.9090909090909091
                }
            },
            "indexing_time": 58.78641080856323,
            "retrieval_time": 2.63301157951355
        },
        "vidore/colSmol-500M": {
            "metrics": {
                "1": {
                    "ndcg": 0.8896103896103896,
                    "precision": 0.8896103896103896,
                    "recall": 0.8896103896103896
                },
                "3": {
                    "ndcg": 0.9485140067718018,
                    "precision": 0.32900432900432786,
                    "recall": 0.987012987012987
                },
                "5": {
                    "ndcg": 0.9527089083114777,
                    "precision": 0.19935064935065044,
                    "recall": 0.9967532467532467
                },
                "10": {
                    "ndcg": 0.9538654251527376,
                    "precision": 0.10000000000000055,
                    "recall": 1.0
                },
                "global": {
                    "mrr": 0.9380411255411254,
                    "rprec": 0.8896103896103896
                }
            },
            "indexing_time": 27.216012716293335,
            "retrieval_time": 0.7520027160644531
        },
        "vidore/colSmol-256M": {
            "metrics": {
                "1": {
                    "ndcg": 0.8831168831168831,
                    "precision": 0.8831168831168831,
                    "recall": 0.8831168831168831
                },
                "3": {
                    "ndcg": 0.9478178331400773,
                    "precision": 0.32900432900432786,
                    "recall": 0.987012987012987
                },
                "5": {
                    "ndcg": 0.9504721492612068,
                    "precision": 0.19870129870129977,
                    "recall": 0.9935064935064936
                },
                "10": {
                    "ndcg": 0.9524929225068276,
                    "precision": 0.10000000000000055,
                    "recall": 1.0
                },
                "global": {
                    "mrr": 0.9362322201607916,
                    "rprec": 0.8831168831168831
                }
            },
            "indexing_time": 25.555299520492554,
            "retrieval_time": 0.6565394401550293
        }
    }
}