{
    "docs_stats": {
        "unique_pages": 104,
        "total_chunks": 797,
        "unique_queries": 308
    },
    "models": {
        "BM25Retriever": {
            "metrics": {
                "1": {
                    "ndcg": 0.0,
                    "map": 0.0,
                    "recall": 0.0,
                    "precision": 0.0
                },
                "3": {
                    "ndcg": 0.0,
                    "map": 0.0,
                    "recall": 0.0,
                    "precision": 0.0
                },
                "5": {
                    "ndcg": 0.6697028184481987,
                    "map": 0.6234848484848485,
                    "recall": 0.8084415584415584,
                    "precision": 0.1616883116883117
                },
                "10": {
                    "ndcg": 0.6986157751384945,
                    "map": 0.6357568027210884,
                    "recall": 0.8961038961038961,
                    "precision": 0.0896103896103896
                }
            },
            "indexing_time": 0.2069869041442871,
            "retrieval_time": 0.5209348201751709
        },
        "SentenceTransformerRetriever": {
            "metrics": {
                "1": {
                    "ndcg": 0.0,
                    "map": 0.0,
                    "recall": 0.0,
                    "precision": 0.0
                },
                "3": {
                    "ndcg": 0.0,
                    "map": 0.0,
                    "recall": 0.0,
                    "precision": 0.0
                },
                "5": {
                    "ndcg": 0.8174532190402303,
                    "map": 0.7890151515151516,
                    "recall": 0.9025974025974026,
                    "precision": 0.1805194805194805
                },
                "10": {
                    "ndcg": 0.8267756280863545,
                    "map": 0.7927888579674295,
                    "recall": 0.9318181818181818,
                    "precision": 0.09318181818181817
                }
            },
            "indexing_time": 8.748504638671875,
            "retrieval_time": 2.7531745433807373
        },
        "ColBERTRetriever": {
            "metrics": {
                "1": {
                    "ndcg": 0.0,
                    "map": 0.0,
                    "recall": 0.0,
                    "precision": 0.0
                },
                "3": {
                    "ndcg": 0.0,
                    "map": 0.0,
                    "recall": 0.0,
                    "precision": 0.0
                },
                "5": {
                    "ndcg": 0.8210388484695386,
                    "map": 0.7934523809523809,
                    "recall": 0.9025974025974026,
                    "precision": 0.18051948051948047
                },
                "10": {
                    "ndcg": 0.8378015189175114,
                    "map": 0.8003440012368583,
                    "recall": 0.9545454545454546,
                    "precision": 0.09545454545454544
                }
            },
            "indexing_time": 7.0923261642456055,
            "retrieval_time": 17.13428568840027
        },
        "SpladeRetriever": {
            "metrics": {
                "1": {
                    "ndcg": 0.0,
                    "map": 0.0,
                    "recall": 0.0,
                    "precision": 0.0
                },
                "3": {
                    "ndcg": 0.0,
                    "map": 0.0,
                    "recall": 0.0,
                    "precision": 0.0
                },
                "5": {
                    "ndcg": 0.8431252461292597,
                    "map": 0.8142857142857143,
                    "recall": 0.9285714285714286,
                    "precision": 0.18571428571428567
                },
                "10": {
                    "ndcg": 0.8526767978254358,
                    "map": 0.8182887548958977,
                    "recall": 0.9577922077922078,
                    "precision": 0.09577922077922076
                }
            },
            "indexing_time": 4.6506266593933105,
            "retrieval_time": 0.17812323570251465
        },
        "ColPaliRetriever": {
            "metrics": {
                "1": {
                    "ndcg": 0.0,
                    "map": 0.0,
                    "recall": 0.0,
                    "precision": 0.0
                },
                "3": {
                    "ndcg": 0.0,
                    "map": 0.0,
                    "recall": 0.0,
                    "precision": 0.0
                },
                "5": {
                    "ndcg": 0.910314501380957,
                    "map": 0.8930735930735929,
                    "recall": 0.961038961038961,
                    "precision": 0.19220779220779216
                },
                "10": {
                    "ndcg": 0.9177598661003418,
                    "map": 0.8961979488765204,
                    "recall": 0.9837662337662337,
                    "precision": 0.09837662337662337
                }
            },
            "indexing_time": 14.028471946716309,
            "retrieval_time": 1.2347683906555176
        },
        "ClipRetriever": {
            "metrics": {
                "1": {
                    "ndcg": 0.0,
                    "map": 0.0,
                    "recall": 0.0,
                    "precision": 0.0
                },
                "3": {
                    "ndcg": 0.0,
                    "map": 0.0,
                    "recall": 0.0,
                    "precision": 0.0
                },
                "5": {
                    "ndcg": 0.23754794301094959,
                    "map": 0.21179653679653676,
                    "recall": 0.31493506493506496,
                    "precision": 0.062987012987013
                },
                "10": {
                    "ndcg": 0.28049101260086284,
                    "map": 0.22946557410843127,
                    "recall": 0.44805194805194803,
                    "precision": 0.044805194805194806
                }
            },
            "indexing_time": 3.231348991394043,
            "retrieval_time": 0.10762214660644531
        },
        "SigLIPRetriever": {
            "metrics": {
                "1": {
                    "ndcg": 0.0,
                    "map": 0.0,
                    "recall": 0.0,
                    "precision": 0.0
                },
                "3": {
                    "ndcg": 0.0,
                    "map": 0.0,
                    "recall": 0.0,
                    "precision": 0.0
                },
                "5": {
                    "ndcg": 0.41386517907373915,
                    "map": 0.37591991341991343,
                    "recall": 0.5292207792207793,
                    "precision": 0.10584415584415582
                },
                "10": {
                    "ndcg": 0.4536681333574938,
                    "map": 0.39228380746237884,
                    "recall": 0.6525974025974026,
                    "precision": 0.06525974025974027
                }
            },
            "indexing_time": 3.793522357940674,
            "retrieval_time": 0.22740840911865234
        }
    }
}