{
    "BM25Retriever": {
        "metrics": {
            "1": {
                "ndcg": 0.0,
                "map": 0.0,
                "recall": 0.0,
                "precision": 0.0
            },
            "3": {
                "ndcg": 0.0,
                "map": 0.0,
                "recall": 0.0,
                "precision": 0.0
            },
            "5": {
                "ndcg": 0.6697028184481987,
                "map": 0.6234848484848485,
                "recall": 0.8084415584415584,
                "precision": 0.1616883116883117
            },
            "10": {
                "ndcg": 0.6986157751384945,
                "map": 0.6357568027210884,
                "recall": 0.8961038961038961,
                "precision": 0.0896103896103896
            }
        },
        "retrieval_time": 0.7332100868225098
    },
    "SentenceTransformerRetriever": {
        "metrics": {
            "1": {
                "ndcg": 0.0,
                "map": 0.0,
                "recall": 0.0,
                "precision": 0.0
            },
            "3": {
                "ndcg": 0.0,
                "map": 0.0,
                "recall": 0.0,
                "precision": 0.0
            },
            "5": {
                "ndcg": 0.8174532190402303,
                "map": 0.7890151515151516,
                "recall": 0.9025974025974026,
                "precision": 0.1805194805194805
            },
            "10": {
                "ndcg": 0.8267756280863545,
                "map": 0.7927888579674295,
                "recall": 0.9318181818181818,
                "precision": 0.09318181818181817
            }
        },
        "retrieval_time": 12.271874904632568
    },
    "ColBERTRetriever": {
        "metrics": {
            "1": {
                "ndcg": 0.0,
                "map": 0.0,
                "recall": 0.0,
                "precision": 0.0
            },
            "3": {
                "ndcg": 0.0,
                "map": 0.0,
                "recall": 0.0,
                "precision": 0.0
            },
            "5": {
                "ndcg": 0.8210388484695386,
                "map": 0.7934523809523809,
                "recall": 0.9025974025974026,
                "precision": 0.18051948051948047
            },
            "10": {
                "ndcg": 0.8378015189175114,
                "map": 0.8003440012368583,
                "recall": 0.9545454545454546,
                "precision": 0.09545454545454544
            }
        },
        "retrieval_time": 24.483240842819214
    },
    "SpladeRetriever": {
        "metrics": {
            "1": {
                "ndcg": 0.0,
                "map": 0.0,
                "recall": 0.0,
                "precision": 0.0
            },
            "3": {
                "ndcg": 0.0,
                "map": 0.0,
                "recall": 0.0,
                "precision": 0.0
            },
            "5": {
                "ndcg": 0.8431252461292597,
                "map": 0.8142857142857143,
                "recall": 0.9285714285714286,
                "precision": 0.18571428571428567
            },
            "10": {
                "ndcg": 0.8526767978254358,
                "map": 0.8182887548958977,
                "recall": 0.9577922077922078,
                "precision": 0.09577922077922076
            }
        },
        "retrieval_time": 4.918564081192017
    },
    "ColPaliRetriever": {
        "metrics": {
            "1": {
                "ndcg": 0.0,
                "map": 0.0,
                "recall": 0.0,
                "precision": 0.0
            },
            "3": {
                "ndcg": 0.0,
                "map": 0.0,
                "recall": 0.0,
                "precision": 0.0
            },
            "5": {
                "ndcg": 0.9104818419040759,
                "map": 0.8932359307359308,
                "recall": 0.961038961038961,
                "precision": 0.19220779220779216
            },
            "10": {
                "ndcg": 0.9169106878368458,
                "map": 0.8959724799010512,
                "recall": 0.9805194805194806,
                "precision": 0.09805194805194804
            }
        },
        "retrieval_time": 15.267352819442749
    }
}