{
    "docs_stats": {
        "unique_pages": 152,
        "total_chunks": 1484,
        "unique_queries": 312
    },
    "models": {
        "BM25Retriever": {
            "metrics": {
                "1": {
                    "ndcg": 0.0,
                    "map": 0.0,
                    "recall": 0.0,
                    "precision": 0.0
                },
                "3": {
                    "ndcg": 0.0,
                    "map": 0.0,
                    "recall": 0.0,
                    "precision": 0.0
                },
                "5": {
                    "ndcg": 0.6338850032391815,
                    "map": 0.5871382636655949,
                    "recall": 0.77491961414791,
                    "precision": 0.15498392282958195
                },
                "10": {
                    "ndcg": 0.6649394232698344,
                    "map": 0.6004772112489155,
                    "recall": 0.8681672025723473,
                    "precision": 0.0868167202572347
                }
            },
            "indexing_time": 0.4395930767059326,
            "retrieval_time": 1.4607374668121338
        },
        "SentenceTransformerRetriever": {
            "metrics": {
                "1": {
                    "ndcg": 0.0,
                    "map": 0.0,
                    "recall": 0.0,
                    "precision": 0.0
                },
                "3": {
                    "ndcg": 0.0,
                    "map": 0.0,
                    "recall": 0.0,
                    "precision": 0.0
                },
                "5": {
                    "ndcg": 0.795966911899552,
                    "map": 0.7695605573419078,
                    "recall": 0.8745980707395499,
                    "precision": 0.17491961414790994
                },
                "10": {
                    "ndcg": 0.8085429453611411,
                    "map": 0.7748073291481652,
                    "recall": 0.9131832797427653,
                    "precision": 0.09131832797427651
                }
            },
            "indexing_time": 12.425636053085327,
            "retrieval_time": 5.09782338142395
        },
        "SpladeRetriever": {
            "metrics": {
                "1": {
                    "ndcg": 0.0,
                    "map": 0.0,
                    "recall": 0.0,
                    "precision": 0.0
                },
                "3": {
                    "ndcg": 0.0,
                    "map": 0.0,
                    "recall": 0.0,
                    "precision": 0.0
                },
                "5": {
                    "ndcg": 0.8178501378094611,
                    "map": 0.7890139335476956,
                    "recall": 0.9035369774919614,
                    "precision": 0.18070739549839226
                },
                "10": {
                    "ndcg": 0.8296656698511384,
                    "map": 0.7941165212065533,
                    "recall": 0.9389067524115756,
                    "precision": 0.09389067524115755
                }
            },
            "indexing_time": 5.827223777770996,
            "retrieval_time": 0.20769786834716797
        },
        "ColPaliRetriever": {
            "metrics": {
                "1": {
                    "ndcg": 0.0,
                    "map": 0.0,
                    "recall": 0.0,
                    "precision": 0.0
                },
                "3": {
                    "ndcg": 0.0,
                    "map": 0.0,
                    "recall": 0.0,
                    "precision": 0.0
                },
                "5": {
                    "ndcg": 0.9040650341593741,
                    "map": 0.8856377277599141,
                    "recall": 0.9581993569131833,
                    "precision": 0.1916398713826366
                },
                "10": {
                    "ndcg": 0.9104432037541856,
                    "map": 0.8883517072423823,
                    "recall": 0.977491961414791,
                    "precision": 0.09774919614147907
                }
            },
            "indexing_time": 20.053568840026855,
            "retrieval_time": 1.2717556953430176
        },
        "ClipRetriever": {
            "metrics": {
                "1": {
                    "ndcg": 0.0,
                    "map": 0.0,
                    "recall": 0.0,
                    "precision": 0.0
                },
                "3": {
                    "ndcg": 0.0,
                    "map": 0.0,
                    "recall": 0.0,
                    "precision": 0.0
                },
                "5": {
                    "ndcg": 0.222215744659831,
                    "map": 0.1965166130760986,
                    "recall": 0.2990353697749196,
                    "precision": 0.059807073954983914
                },
                "10": {
                    "ndcg": 0.25833421377639953,
                    "map": 0.21126295105394785,
                    "recall": 0.4115755627009646,
                    "precision": 0.041157556270096464
                }
            },
            "indexing_time": 5.384975433349609,
            "retrieval_time": 0.11591577529907227
        },
        "SigLIPRetriever": {
            "metrics": {
                "1": {
                    "ndcg": 0.0,
                    "map": 0.0,
                    "recall": 0.0,
                    "precision": 0.0
                },
                "3": {
                    "ndcg": 0.0,
                    "map": 0.0,
                    "recall": 0.0,
                    "precision": 0.0
                },
                "5": {
                    "ndcg": 0.38890039266210985,
                    "map": 0.35166130760986064,
                    "recall": 0.5016077170418006,
                    "precision": 0.10032154340836012
                },
                "10": {
                    "ndcg": 0.43057113391395324,
                    "map": 0.36891109069565664,
                    "recall": 0.6302250803858521,
                    "precision": 0.06302250803858521
                }
            },
            "indexing_time": 5.444989442825317,
            "retrieval_time": 0.2639195919036865
        },
        "ColQwen2_5Retriever": {
            "metrics": {
                "1": {
                    "ndcg": 0.0,
                    "map": 0.0,
                    "recall": 0.0,
                    "precision": 0.0
                },
                "3": {
                    "ndcg": 0.0,
                    "map": 0.0,
                    "recall": 0.0,
                    "precision": 0.0
                },
                "5": {
                    "ndcg": 0.9512830174726833,
                    "map": 0.937834941050375,
                    "recall": 0.9903536977491961,
                    "precision": 0.1980707395498392
                },
                "10": {
                    "ndcg": 0.95444099671208,
                    "map": 0.9391555657632826,
                    "recall": 1.0,
                    "precision": 0.09999999999999998
                }
            },
            "indexing_time": 186.48477268218994,
            "retrieval_time": 1.342635154724121
        },
        "ColQwen2Retriever": {
            "metrics": {
                "1": {
                    "ndcg": 0.0,
                    "map": 0.0,
                    "recall": 0.0,
                    "precision": 0.0
                },
                "3": {
                    "ndcg": 0.0,
                    "map": 0.0,
                    "recall": 0.0,
                    "precision": 0.0
                },
                "5": {
                    "ndcg": 0.9511172911668291,
                    "map": 0.9366023579849946,
                    "recall": 0.9935691318327974,
                    "precision": 0.19871382636655943
                },
                "10": {
                    "ndcg": 0.9532770084140759,