{
    "BM25Retriever": {
        "metrics": {
            "1": {
                "ndcg": 0.0,
                "map": 0.0,
                "recall": 0.0,
                "precision": 0.0
            },
            "3": {
                "ndcg": 0.0,
                "map": 0.0,
                "recall": 0.0,
                "precision": 0.0
            },
            "5": {
                "ndcg": 0.6697028184481987,
                "map": 0.6234848484848485,
                "recall": 0.8084415584415584,
                "precision": 0.1616883116883117
            },
            "10": {
                "ndcg": 0.6986157751384945,
                "map": 0.6357568027210884,
                "recall": 0.8961038961038961,
                "precision": 0.0896103896103896
            }
        },
        "retrieval_time": 0.739814281463623
    },
    "SentenceTransformerRetriever": {
        "metrics": {
            "1": {
                "ndcg": 0.0,
                "map": 0.0,
                "recall": 0.0,
                "precision": 0.0
            },
            "3": {
                "ndcg": 0.0,
                "map": 0.0,
                "recall": 0.0,
                "precision": 0.0
            },
            "5": {
                "ndcg": 0.8174532190402303,
                "map": 0.7890151515151516,
                "recall": 0.9025974025974026,
                "precision": 0.1805194805194805
            },
            "10": {
                "ndcg": 0.8267756280863545,
                "map": 0.7927888579674295,
                "recall": 0.9318181818181818,
                "precision": 0.09318181818181817
            }
        },
        "retrieval_time": 11.385286569595337
    },
    "ColBERTRetriever": {
        "metrics": {
            "1": {
                "ndcg": 0.0,
                "map": 0.0,
                "recall": 0.0,
                "precision": 0.0
            },
            "3": {
                "ndcg": 0.0,
                "map": 0.0,
                "recall": 0.0,
                "precision": 0.0
            },
            "5": {
                "ndcg": 0.8210388484695386,
                "map": 0.7934523809523809,
                "recall": 0.9025974025974026,
                "precision": 0.18051948051948047
            },
            "10": {
                "ndcg": 0.8378015189175114,
                "map": 0.8003440012368583,
                "recall": 0.9545454545454546,
                "precision": 0.09545454545454544
            }
        },
        "retrieval_time": 24.228980779647827
    },
    "SpladeRetriever": {
        "metrics": {
            "1": {
                "ndcg": 0.0,
                "map": 0.0,
                "recall": 0.0,
                "precision": 0.0
            },
            "3": {
                "ndcg": 0.0,
                "map": 0.0,
                "recall": 0.0,
                "precision": 0.0
            },
            "5": {
                "ndcg": 0.8458431662674069,
                "map": 0.8133658008658008,
                "recall": 0.9415584415584416,
                "precision": 0.1883116883116883
            },
            "10": {
                "ndcg": 0.8531673987306343,
                "map": 0.8163677592249021,
                "recall": 0.9642857142857143,
                "precision": 0.09642857142857142
            }
        },
        "retrieval_time": 4.739245176315308
    }
}