{
    "BM25Retriever": {
        "metrics": {
            "1": {
                "ndcg": 0.0,
                "map": 0.0,
                "recall": 0.0,
                "precision": 0.0
            },
            "3": {
                "ndcg": 0.0,
                "map": 0.0,
                "recall": 0.0,
                "precision": 0.0
            },
            "5": {
                "ndcg": 0.6697028184481987,
                "map": 0.6234848484848485,
                "recall": 0.8084415584415584,
                "precision": 0.1616883116883117
            },
            "10": {
                "ndcg": 0.6986157751384945,
                "map": 0.6357568027210884,
                "recall": 0.8961038961038961,
                "precision": 0.0896103896103896
            }
        },
        "retrieval_time": 0.7335946559906006
    },
    "SentenceTransformerRetriever": {
        "metrics": {
            "1": {
                "ndcg": 0.0,
                "map": 0.0,
                "recall": 0.0,
                "precision": 0.0
            },
            "3": {
                "ndcg": 0.0,
                "map": 0.0,
                "recall": 0.0,
                "precision": 0.0
            },
            "5": {
                "ndcg": 0.8174532190402303,
                "map": 0.7890151515151516,
                "recall": 0.9025974025974026,
                "precision": 0.1805194805194805
            },
            "10": {
                "ndcg": 0.8267756280863545,
                "map": 0.7927888579674295,
                "recall": 0.9318181818181818,
                "precision": 0.09318181818181817
            }
        },
        "retrieval_time": 11.502125263214111
    },
    "ColBERTRetriever": {
        "metrics": {
            "1": {
                "ndcg": 0.0,
                "map": 0.0,
                "recall": 0.0,
                "precision": 0.0
            },
            "3": {
                "ndcg": 0.0,
                "map": 0.0,
                "recall": 0.0,
                "precision": 0.0
            },
            "5": {
                "ndcg": 0.8210388484695386,
                "map": 0.7934523809523809,
                "recall": 0.9025974025974026,
                "precision": 0.18051948051948047
            },
            "10": {
                "ndcg": 0.8378015189175114,
                "map": 0.8003440012368583,
                "recall": 0.9545454545454546,
                "precision": 0.09545454545454544
            }
        },
        "retrieval_time": 24.1189968585968
    },
    "SpladeRetriever": {
        "metrics": {
            "1": {
                "ndcg": 0.0,
                "map": 0.0,
                "recall": 0.0,
                "precision": 0.0
            },
            "3": {
                "ndcg": 0.0,
                "map": 0.0,
                "recall": 0.0,
                "precision": 0.0
            },
            "5": {
                "ndcg": 0.8431252461292597,
                "map": 0.8142857142857143,
                "recall": 0.9285714285714286,
                "precision": 0.18571428571428567
            },
            "10": {
                "ndcg": 0.8526767978254358,
                "map": 0.8182887548958977,
                "recall": 0.9577922077922078,
                "precision": 0.09577922077922076
            }
        },
        "retrieval_time": 4.723679065704346
    },
    "ColPaliRetriever": {
        "metrics": {
            "1": {
                "ndcg": 0.0,
                "map": 0.0,
                "recall": 0.0,
                "precision": 0.0
            },
            "3": {
                "ndcg": 0.0,
                "map": 0.0,
                "recall": 0.0,
                "precision": 0.0
            },
            "5": {
                "ndcg": 0.910314501380957,
                "map": 0.8930735930735929,
                "recall": 0.961038961038961,
                "precision": 0.19220779220779216
            },
            "10": {
                "ndcg": 0.9177598661003418,
                "map": 0.8961979488765204,
                "recall": 0.9837662337662337,
                "precision": 0.09837662337662337
            }
        },
        "retrieval_time": 15.513200759887695
    },
    "ClipRetriever": {
        "metrics": {
            "1": {
                "ndcg": 0.0,
                "map": 0.0,
                "recall": 0.0,
                "precision": 0.0
            },
            "3": {
                "ndcg": 0.0,
                "map": 0.0,
                "recall": 0.0,
                "precision": 0.0
            },
            "5": {
                "ndcg": 0.23754794301094959,
                "map": 0.21179653679653676,
                "recall": 0.31493506493506496,
                "precision": 0.062987012987013
            },
            "10": {
                "ndcg": 0.28049101260086284,
                "map": 0.22946557410843127,
                "recall": 0.44805194805194803,
                "precision": 0.044805194805194806
            }
        },
        "retrieval_time": 3.625720739364624
    },
    "SigLIPRetriever": {
        "metrics": {
            "1": {
                "ndcg": 0.0,
                "map": 0.0,
                "recall": 0.0,
                "precision": 0.0
            },
            "3": {
                "ndcg": 0.0,
                "map": 0.0,
                "recall": 0.0,
                "precision": 0.0
            },
            "5": {
                "ndcg": 0.41386517907373915,
                "map": 0.37591991341991343,
                "recall": 0.5292207792207793,
                "precision": 0.10584415584415582
            },
            "10": {
                "ndcg": 0.4536681333574938,
                "map": 0.39228380746237884,
                "recall": 0.6525974025974026,
                "precision": 0.06525974025974027
            }
        },
        "retrieval_time": 4.081580877304077
    }
}