{
    "docs_stats": {
        "unique_pages": 1000,
        "total_chunks": 7446,
        "unique_queries": 2986
    },
    "models": {
        "BM25Retriever": {
            "metrics": {
                "1": {
                    "ndcg": 0.2756195579370395,
                    "precision": 0.2756195579370395,
                    "recall": 0.2749497655726725
                },
                "3": {
                    "ndcg": 0.36313707784661947,
                    "precision": 0.1430006697923621,
                    "recall": 0.42716008037508374
                },
                "5": {
                    "ndcg": 0.3914718063578669,
                    "precision": 0.09953114534494029,
                    "recall": 0.49581379772270595
                },
                "10": {
                    "ndcg": 0.42180594233209023,
                    "precision": 0.05914266577360826,
                    "recall": 0.5895847287340924
                },
                "global": {
                    "mrr": 0.3806281918222112,
                    "rprec": 0.2757870060281313
                }
            },
            "indexing_time": 2.080725908279419,
            "retrieval_time": 63.154640913009644
        },
        "BAAI/bge-m3": {
            "metrics": {
                "1": {
                    "ndcg": 0.42833221701272606,
                    "precision": 0.42833221701272606,
                    "recall": 0.427662424648359
                },
                "3": {
                    "ndcg": 0.5454760958532286,
                    "precision": 0.20975664210761374,
                    "recall": 0.6274279973208305
                },
                "5": {
                    "ndcg": 0.5773310964331695,
                    "precision": 0.1411922304085682,
                    "recall": 0.7041192230408574
                },
                "10": {
                    "ndcg": 0.6060890760774975,
                    "precision": 0.07943737441392862,
                    "recall": 0.7925318151373074
                },
                "global": {
                    "mrr": 0.5547256023262673,
                    "rprec": 0.42833221701272606
                }
            },
            "indexing_time": 66.28537583351135,
            "retrieval_time": 62.64995503425598
        },
        "intfloat/multilingual-e5-large": {
            "metrics": {
                "1": {
                    "ndcg": 0.4246483590087073,
                    "precision": 0.4246483590087073,
                    "recall": 0.42364367046215673
                },
                "3": {
                    "ndcg": 0.5365428518166643,
                    "precision": 0.20618441616432243,
                    "recall": 0.6163764233087743
                },
                "5": {
                    "ndcg": 0.5660020829946601,
                    "precision": 0.13797722705960655,
                    "recall": 0.6877093101138647
                },
                "10": {
                    "ndcg": 0.59758060784427,
                    "precision": 0.07866711319490655,
                    "recall": 0.7844943067649028
                },
                "global": {
                    "mrr": 0.5473995414496574,
                    "rprec": 0.424146014735432
                }
            },
            "indexing_time": 68.84771418571472,
            "retrieval_time": 61.03242754936218
        },
        "intfloat/multilingual-e5-large-instruct": {
            "metrics": {
                "1": {
                    "ndcg": 0.40522438044206294,
                    "precision": 0.40522438044206294,
                    "recall": 0.40438713998660414
                },
                "3": {
                    "ndcg": 0.5133662612906834,
                    "precision": 0.19725385130609413,
                    "recall": 0.5899196249162759
                },
                "5": {
                    "ndcg": 0.5421103873676103,
                    "precision": 0.1323509711989237,
                    "recall": 0.6597454789015406
                },
                "10": {
                    "ndcg": 0.5734579961157701,
                    "precision": 0.07582049564634677,
                    "recall": 0.7561955793703952
                },
                "global": {
                    "mrr": 0.5250603464613577,
                    "rprec": 0.4048894842598794
                }
            },
            "indexing_time": 70.03549909591675,
            "retrieval_time": 59.00958323478699
        },
        "colbert-ir/colbertv2.0": {
            "metrics": {
                "1": {
                    "ndcg": 0.485934360348292,
                    "precision": 0.485934360348292,
                    "recall": 0.4850971198928332
                },
                "3": {
                    "ndcg": 0.5994223422447229,
                    "precision": 0.22672471533824748,
                    "recall": 0.6784996651038178
                },
                "5": {
                    "ndcg": 0.6261562200285407,
                    "precision": 0.14909578030809892,
                    "recall": 0.743636972538513
                },
                "10": {
                    "ndcg": 0.6502063396768245,
                    "precision": 0.08194909578030489,
                    "recall": 0.8174815807099799
                },
                "global": {
                    "mrr": 0.6029589631722367,
                    "rprec": 0.48576691225720026
                }
            },
            "indexing_time": 48.78402495384216,
            "retrieval_time": 177.44913578033447
        },
        "naver/splade-v3": {
            "metrics": {
                "1": {
                    "ndcg": 0.4651707970529136,
                    "precision": 0.4651707970529136,
                    "recall": 0.4643335565974548
                },
                "3": {
                    "ndcg": 0.5753399209298066,
                    "precision": 0.21846394284438633,
                    "recall": 0.6535498995311454
                },
                "5": {
                    "ndcg": 0.604508156104299,
                    "precision": 0.14527796383120695,
                    "recall": 0.7245478901540523
                },
                "10": {
                    "ndcg": 0.6351789356159728,
                    "precision": 0.0820830542531783,
                    "recall": 0.8189886135298058
                },
                "global": {
                    "mrr": 0.5834321542318118,
                    "rprec": 0.4651707970529136
                }
            },
            "indexing_time": 46.68316841125488,
            "retrieval_time": 2.0636508464813232
        }
    }
}