{
    "docs_stats": {
        "unique_pages": 104,
        "total_chunks": 804,
        "unique_queries": 308
    },
    "models": {
        "naver/splade-v3": {
            "metrics": {
                "1": {
                    "ndcg": 0.7272727272727273,
                    "precision": 0.7272727272727273,
                    "recall": 0.7272727272727273
                },
                "3": {
                    "ndcg": 0.8289632528177205,
                    "precision": 0.3008658008658001,
                    "recall": 0.9025974025974026
                },
                "5": {
                    "ndcg": 0.8453160042604615,
                    "precision": 0.18831168831168923,
                    "recall": 0.9415584415584416
                },
                "10": {
                    "ndcg": 0.851546536950876,
                    "precision": 0.0961038961038966,
                    "recall": 0.961038961038961
                },
                "global": {
                    "mrr": 0.8165579640417306,
                    "rprec": 0.7272727272727273
                }
            },
            "indexing_time": 6.0099036693573,
            "retrieval_time": 0.169325590133667
        }
    }
}