{
    "docs_stats": {
        "unique_pages": 1000,
        "total_chunks": 7446,
        "unique_queries": 2986
    },
    "models": {
        "openai/clip-vit-base-patch32": {
            "metrics": {
                "1": {
                    "ndcg": 0.05190890823844608,
                    "precision": 0.05190890823844608,
                    "recall": 0.05190890823844608
                },
                "3": {
                    "ndcg": 0.07897008469403372,
                    "precision": 0.032931457914713,
                    "recall": 0.09862692565304755
                },
                "5": {
                    "ndcg": 0.0933956709043962,
                    "precision": 0.026858673811118755,
                    "recall": 0.13395847287340926
                },
                "10": {
                    "ndcg": 0.11148248735474514,
                    "precision": 0.019089082384460998,
                    "recall": 0.1903884795713329
                },
                "global": {
                    "mrr": 0.0977007807151857,
                    "rprec": 0.05190890823844608
                }
            },
            "indexing_time": 23.079954624176025,
            "retrieval_time": 1.4809091091156006
        },
        "google/siglip-base-patch16-224": {
            "metrics": {
                "1": {
                    "ndcg": 0.10180843938379103,
                    "precision": 0.10180843938379103,
                    "recall": 0.10147354320160751
                },
                "3": {
                    "ndcg": 0.1496696775703298,
                    "precision": 0.06217905782540776,
                    "recall": 0.18586738111185533
                },
                "5": {
                    "ndcg": 0.16838742778683938,
                    "precision": 0.04648359008707323,
                    "recall": 0.231748158070998
                },
                "10": {
                    "ndcg": 0.19529913031016552,
                    "precision": 0.03164768921634257,
                    "recall": 0.315304755525787
                },
                "global": {
                    "mrr": 0.1722955018902079,
                    "rprec": 0.10180843938379103
                }
            },
            "indexing_time": 21.08827781677246,
            "retrieval_time": 2.2933926582336426
        }
    }
}