{
    "docs_stats": {
        "unique_pages": 104,
        "total_chunks": 804,
        "unique_queries": 308
    },
    "models": {
        "openai/clip-vit-base-patch32": {
            "metrics": {
                "1": {
                    "ndcg": 0.1461038961038961,
                    "precision": 0.1461038961038961,
                    "recall": 0.1461038961038961
                },
                "3": {
                    "ndcg": 0.21347248319805393,
                    "precision": 0.08766233766233757,
                    "recall": 0.262987012987013
                },
                "5": {
                    "ndcg": 0.24015792931467134,
                    "precision": 0.06558441558441545,
                    "recall": 0.32792207792207795
                },
                "10": {
                    "ndcg": 0.27778982186065193,
                    "precision": 0.04448051948051938,
                    "recall": 0.4448051948051948
                },
                "global": {
                    "mrr": 0.24602557184549625,
                    "rprec": 0.1461038961038961
                }
            },
            "indexing_time": 4.156841516494751,
            "retrieval_time": 0.13135337829589844
        },
        "google/siglip-base-patch16-224": {
            "metrics": {
                "1": {
                    "ndcg": 0.2824675324675325,
                    "precision": 0.2824675324675325,
                    "recall": 0.2824675324675325
                },
                "3": {
                    "ndcg": 0.37074594842300834,
                    "precision": 0.14393939393939406,
                    "recall": 0.4318181818181818
                },
                "5": {
                    "ndcg": 0.41153213603721567,
                    "precision": 0.10649350649350625,
                    "recall": 0.5324675324675324
                },
                "10": {
                    "ndcg": 0.45131883903127196,
                    "precision": 0.06558441558441563,
                    "recall": 0.6558441558441559
                },
                "global": {
                    "mrr": 0.40303869636571704,
                    "rprec": 0.2824675324675325
                }
            },
            "indexing_time": 4.067835807800293,
            "retrieval_time": 0.22635912895202637
        }
    }
}