{
    "docs_stats": {
        "unique_pages": 100,
        "total_chunks": 760,
        "unique_queries": 293
    },
    "models": {
        "BM25Retriever": {
            "metrics": {
                "1": {
                    "ndcg": 0.5870307167235495,
                    "precision": 0.5870307167235495,
                    "recall": 0.5870307167235495
                },
                "3": {
                    "ndcg": 0.6827946155655803,
                    "precision": 0.25028441410693986,
                    "recall": 0.7508532423208191
                },
                "5": {
                    "ndcg": 0.7133372751817866,
                    "precision": 0.1651877133105807,
                    "recall": 0.825938566552901
                },
                "10": {
                    "ndcg": 0.7332622176298933,
                    "precision": 0.08873720136518805,
                    "recall": 0.8873720136518771
                },
                "global": {
                    "mrr": 0.687687903266816,
                    "rprec": 0.5870307167235495
                }
            },
            "indexing_time": 0.19461798667907715,
            "retrieval_time": 0.48824119567871094,
            "sorted_run_path": "src/retrievers/results/annotated_pages_test/retrieved_pages/BM25Retriever_sorted_run.json"
        },
        "BAAI/bge-m3": {
            "metrics": {
                "1": {
                    "ndcg": 0.6996587030716723,
                    "precision": 0.6996587030716723,
                    "recall": 0.6996587030716723
                },
                "3": {
                    "ndcg": 0.8001761488785984,
                    "precision": 0.29010238907849784,
                    "recall": 0.8703071672354948
                },
                "5": {
                    "ndcg": 0.8223482006588873,
                    "precision": 0.1849829351535844,
                    "recall": 0.9249146757679181
                },
                "10": {
                    "ndcg": 0.8291590399535372,
                    "precision": 0.0945392491467581,
                    "recall": 0.9453924914675768
                },
                "global": {
                    "mrr": 0.792275029079536,
                    "rprec": 0.6996587030716723
                }
            },
            "indexing_time": 9.227893352508545,
            "retrieval_time": 2.385835886001587,
            "sorted_run_path": "src/retrievers/results/annotated_pages_test/retrieved_pages/BAAI_bge-m3_sorted_run.json"
        },
        "intfloat/multilingual-e5-large": {
            "metrics": {
                "1": {
                    "ndcg": 0.7201365187713311,
                    "precision": 0.7201365187713311,
                    "recall": 0.7201365187713311
                },
                "3": {
                    "ndcg": 0.8059464644563646,
                    "precision": 0.29010238907849784,
                    "recall": 0.8703071672354948
                },
                "5": {
                    "ndcg": 0.825777020971154,
                    "precision": 0.18361774744027382,
                    "recall": 0.9180887372013652
                },
                "10": {
                    "ndcg": 0.836894548003493,
                    "precision": 0.0952218430034134,
                    "recall": 0.9522184300341296
                },
                "global": {
                    "mrr": 0.8015605496432874,
                    "rprec": 0.7201365187713311
                }
            },
            "indexing_time": 6.765923261642456,
            "retrieval_time": 2.3562748432159424,
            "sorted_run_path": "src/retrievers/results/annotated_pages_test/retrieved_pages/intfloat_multilingual-e5-large_sorted_run.json"
        },
        "intfloat/multilingual-e5-large-instruct": {
            "metrics": {
                "1": {
                    "ndcg": 0.6962457337883959,
                    "precision": 0.6962457337883959,
                    "recall": 0.6962457337883959
                },
                "3": {
                    "ndcg": 0.7903841002559754,
                    "precision": 0.28441410693970387,
                    "recall": 0.8532423208191127
                },
                "5": {
                    "ndcg": 0.8016944798193564,
                    "precision": 0.1761092150170655,
                    "recall": 0.8805460750853242
                },
                "10": {
                    "ndcg": 0.8194107745983487,
                    "precision": 0.09351535836177516,
                    "recall": 0.9351535836177475
                },
                "global": {
                    "mrr": 0.7852748176027784,
                    "rprec": 0.6962457337883959
                }
            },
            "indexing_time": 6.512910842895508,
            "retrieval_time": 2.4039371013641357,
            "sorted_run_path": "src/retrievers/results/annotated_pages_test/retrieved_pages/intfloat_multilingual-e5-large-instruct_sorted_run.json"
        },
        "colbert-ir/colbertv2.0": {
            "metrics": {
                "1": {
                    "ndcg": 0.7747440273037542,
                    "precision": 0.7747440273037542,
                    "recall": 0.7747440273037542
                },
                "3": {
                    "ndcg": 0.8469020958556821,
                    "precision": 0.29920364050056825,
                    "recall": 0.8976109215017065
                },
                "5": {
                    "ndcg": 0.868202538234203,
                    "precision": 0.1897610921501715,
                    "recall": 0.9488054607508533
                },
                "10": {
                    "ndcg": 0.8757335610820924,
                    "precision": 0.0972696245733793,
                    "recall": 0.9726962457337884
                },
                "global": {
                    "mrr": 0.8465494302857381,
                    "rprec": 0.7747440273037542
                }
            },
            "indexing_time": 3.9187841415405273,
            "retrieval_time": 15.590043306350708,
            "sorted_run_path": "src/retrievers/results/annotated_pages_test/retrieved_pages/colbert-ir_colbertv2.0_sorted_run.json"
        },
        "naver/splade-v3": {
            "metrics": {
                "1": {
                    "ndcg": 0.7337883959044369,
                    "precision": 0.7337883959044369,
                    "recall": 0.7337883959044369
                },
                "3": {
                    "ndcg": 0.8381656702218458,
                    "precision": 0.30375426621160345,
                    "recall": 0.9112627986348123
                },
                "5": {
                    "ndcg": 0.8540352764919129,
                    "precision": 0.1897610921501715,
                    "recall": 0.9488054607508533
                },
                "10": {
                    "ndcg": 0.8636126825464653,
                    "precision": 0.0979522184300346,
                    "recall": 0.9795221843003413
                },
                "global": {
                    "mrr": 0.8259004363099927,
                    "rprec": 0.7337883959044369
                }
            },
            "indexing_time": 3.49763822555542,
            "retrieval_time": 0.4748656749725342,
            "sorted_run_path": "src/retrievers/results/annotated_pages_test/retrieved_pages/naver_splade-v3_sorted_run.json"
        }
    }
}