{
    "docs_stats": {
        "unique_pages": 100,
        "total_chunks": 760,
        "unique_queries": 293
    },
    "models": {
        "openai/clip-vit-base-patch32": {
            "metrics": {
                "1": {
                    "ndcg": 0.15699658703071673,
                    "precision": 0.15699658703071673,
                    "recall": 0.15699658703071673
                },
                "3": {
                    "ndcg": 0.2003484191004401,
                    "precision": 0.07736063708759951,
                    "recall": 0.23208191126279865
                },
                "5": {
                    "ndcg": 0.2355998745388234,
                    "precision": 0.06348122866894186,
                    "recall": 0.3174061433447099
                },
                "10": {
                    "ndcg": 0.27335158252099423,
                    "precision": 0.04368600682593846,
                    "recall": 0.43686006825938567
                },
                "global": {
                    "mrr": 0.2438291390003431,
                    "rprec": 0.15699658703071673
                }
            },
            "indexing_time": 4.53196120262146,
            "retrieval_time": 0.14725327491760254,
            "sorted_run_path": "src/retrievers/results/annotated_pages_test/retrieved_pages/openai_clip-vit-base-patch32_sorted_run.json"
        },
        "google/siglip-base-patch16-224": {
            "metrics": {
                "1": {
                    "ndcg": 0.25597269624573377,
                    "precision": 0.25597269624573377,
                    "recall": 0.25597269624573377
                },
                "3": {
                    "ndcg": 0.35551547133106054,
                    "precision": 0.143344709897611,
                    "recall": 0.4300341296928328
                },
                "5": {
                    "ndcg": 0.3781362304578222,
                    "precision": 0.09692832764505097,
                    "recall": 0.48464163822525597
                },
                "10": {
                    "ndcg": 0.43468902280056565,
                    "precision": 0.0658703071672355,
                    "recall": 0.658703071672355
                },
                "global": {
                    "mrr": 0.38080460386509507,
                    "rprec": 0.25597269624573377
                }
            },
            "indexing_time": 3.9192779064178467,
            "retrieval_time": 0.18002986907958984,
            "sorted_run_path": "src/retrievers/results/annotated_pages_test/retrieved_pages/google_siglip-base-patch16-224_sorted_run.json"
        },
        "nomic-ai/nomic-embed-multimodal-3b": {
            "metrics": {
                "1": {
                    "ndcg": 0.8805460750853242,
                    "precision": 0.8805460750853242,
                    "recall": 0.8805460750853242
                },
                "3": {
                    "ndcg": 0.9377926410897145,
                    "precision": 0.3242320819112619,
                    "recall": 0.9726962457337884
                },
                "5": {
                    "ndcg": 0.9430739080826774,
                    "precision": 0.1972696245733798,
                    "recall": 0.9863481228668942
                },
                "10": {
                    "ndcg": 0.9463937103337279,
                    "precision": 0.09965870307167285,
                    "recall": 0.9965870307167235
                },
                "global": {
                    "mrr": 0.9298323311121942,
                    "rprec": 0.8805460750853242
                }
            },
            "indexing_time": 37.36198592185974,
            "retrieval_time": 0.8271915912628174,
            "sorted_run_path": "src/retrievers/results/annotated_pages_test/retrieved_pages/nomic-ai_nomic-embed-multimodal-3b_sorted_run.json"
        },
        "nomic-ai/nomic-embed-multimodal-7b": {
            "metrics": {
                "1": {
                    "ndcg": 0.89419795221843,
                    "precision": 0.89419795221843,
                    "recall": 0.89419795221843
                },
                "3": {
                    "ndcg": 0.944090768161874,
                    "precision": 0.32536973833902066,
                    "recall": 0.9761092150170648
                },
                "5": {
                    "ndcg": 0.9509914901340597,
                    "precision": 0.1986348122866904,
                    "recall": 0.9931740614334471
                },
                "10": {
                    "ndcg": 0.9530547314415805,
                    "precision": 0.1000000000000005,
                    "recall": 1.0
                },
                "global": {
                    "mrr": 0.9391069397042092,
                    "rprec": 0.89419795221843
                }
            },
            "indexing_time": 46.017401933670044,
            "retrieval_time": 1.3938567638397217,
            "sorted_run_path": "src/retrievers/results/annotated_pages_test/retrieved_pages/nomic-ai_nomic-embed-multimodal-7b_sorted_run.json"
        },
        "Alibaba-NLP/gme-Qwen2-VL-7B-Instruct": {
            "metrics": {
                "1": {
                    "ndcg": 0.8873720136518771,
                    "precision": 0.8873720136518771,
                    "recall": 0.8873720136518771
                },
                "3": {
                    "ndcg": 0.9406777988785977,
                    "precision": 0.32536973833902066,
                    "recall": 0.9761092150170648
                },
                "5": {
                    "ndcg": 0.9465573423335247,
                    "precision": 0.1979522184300351,
                    "recall": 0.9897610921501706
                },
                "10": {
                    "ndcg": 0.9499381290779114,
                    "precision": 0.1000000000000005,
                    "recall": 1.0
                },
                "global": {
                    "mrr": 0.9331762283980717,
                    "rprec": 0.8873720136518771
                }
            },
            "indexing_time": 72.8333032131195,
            "retrieval_time": 2.0133492946624756,
            "sorted_run_path": "src/retrievers/results/annotated_pages_test/retrieved_pages/Alibaba-NLP_gme-Qwen2-VL-7B-Instruct_sorted_run.json"
        }
    }
}